y,x1,x2,x3,x4,x5,x6
0.73674,0.089548,0.10632,0.043134,0.14515,0.00735,-0.14506
-2.0216,0.029272,-0.10193,-0.029493,0.22631,-0.01888,-0.15981
-0.77274,0.015402,-0.060312,0.046,0.24072,0.021366,-0.077002
-0.53036,-0.030374,-0.33519,0.035574,-0.099816,-0.044969,0.079058
0.76322,0.00088165,-0.21348,0.1468,1.97E-01,0.10714,-0.6242
1.0125,-0.002057,-0.17442,0.15484,-0.31004,-0.052712,0.96715
0.56478,0.013327,0.15826,-0.16049,0.76323,0.11902,-1.0442
-2.3572,0.0089951,0.0036643,0.15388,-0.14795,-0.025658,-0.72527
-0.14817,-0.002528,0.11947,-0.0013781,-0.014797,-0.024581,-0.54546
0.0013779,0.078627,0.22603,-0.14896,0.041165,0.010911,-0.061649
0.69168,-0.012833,0.17765,0.070393,0.10269,0.094711,-0.78869
-2.5007,-0.095056,-0.37479,0.065196,-0.12275,-0.13766,0.62675
0.29213,0.10868,0.24246,-0.21239,0.15091,0.0073343,0.1985
1.3851,-0.047489,-0.16409,0.087134,-0.23354,-0.008709,1.017
0.59254,0.013057,-0.053529,-0.052145,-0.22818,-0.077161,0.355
-1.5991,-0.008431,0.016345,0.012731,-0.24085,0.0039009,0.44274
0.036724,-0.013757,0.016021,-0.030214,-0.17324,0.068369,-0.6965
0.072752,-0.023245,0.10393,-0.10797,0.32162,0.14416,-0.51996
-1.8466,-0.020317,-0.050074,-0.028335,0.2389,0.0015001,0.18346
0.2302,-0.0060019,0.05097,0.14833,-0.042578,-0.028119,-0.22354
1.1122,0.059838,0.042029,0.028675,0.090211,-0.062635,0.60796
1.6991,0.084207,-0.12205,0.14763,-0.071029,0.061336,-0.22324
-0.024381,-0.011377,0.042815,-0.12522,0.32147,0.010267,0.052114
-1.6523,-0.10981,-0.097795,0.11618,-0.2233,-0.11452,0.23768
-1.1771,-0.10842,-0.35402,0.22377,-0.12175,-0.078955,-0.031809
1.3921,0.078028,0.17147,-0.13434,0.34519,0.13388,-0.27315
-0.1921,-0.13385,-0.011504,-0.01869,-0.12736,-0.08813,0.11494
-0.094738,0.21039,0.29447,-0.30039,0.80256,0.058949,-0.38474
0.72124,0.024217,-0.030549,0.082099,-0.45228,-0.2313,0.84794
0.68888,0.048645,-0.13686,0.25012,0.10179,-0.006148,0.43
-0.24897,-0.10018,-0.14869,0.15232,0.062725,0.087006,-0.70374
-0.6812,0.023906,0.15141,-0.084845,0.22862,0.07992,-1.2495
-1.9366,0.063386,-0.03986,-0.045177,-0.13262,-0.12487,0.54574
1.079,-0.061845,-0.22456,0.24797,-0.38903,-0.10888,1.1951
1.0581,-0.014216,-0.099563,0.09792,0.31279,0.028853,-0.042154
1.2612,-0.051183,-0.045358,0.065336,-0.08249,-0.10369,0.78768
-1.159,0.075055,0.093841,-0.21304,0.52369,0.19873,-0.96615
0.53151,-0.063096,-0.012533,-0.047755,0.2711,0.12694,-0.82772
-2.1579,0.094101,0.4455,-0.3481,0.45818,0.10406,-0.69055
0.76044,-0.037178,-0.18735,0.082884,0.21791,-0.030817,-0.17855
0.17908,-0.0088956,-0.11134,0.09735,-0.31712,-0.063074,-0.079642
-0.71786,-0.045962,0.14014,-0.092069,0.31116,-0.0051259,-0.61417
-0.10352,0.026895,-0.071458,0.21202,-0.10317,0.091644,-0.49896
0.51183,0.027713,0.10973,-0.057196,0.32032,-0.068832,0.46782
-2.3402,-0.00077497,-0.10056,-0.043179,0.062011,-0.064242,0.44314
1.0126,0.036579,0.13945,-0.11342,0.21662,0.070638,-0.40979
0.12563,0.071353,0.15888,-0.26057,0.34392,0.15837,-0.78992
-2.4475,-0.11034,-0.26843,0.13593,-0.19074,0.020873,-0.034423
0.68649,0.0024956,-0.10422,0.00033554,-0.039647,0.014485,-0.14941
1.3519,-0.028272,-0.22311,0.18141,-0.40253,-0.017906,0.84071
0.82377,0.0048511,-0.020419,0.13854,-0.42052,-0.17985,0.42292
0.73361,0.040134,0.1519,-0.26924,0.21523,0.0067525,0.19761
-2.3569,-0.074678,-0.080081,0.14486,-0.29644,0.013537,-0.30022
-2.1494,-0.017057,0.17225,-0.13787,0.44238,0.22548,-1.1608
-1.9088,0.04225,0.086673,-0.087747,0.23637,0.062971,-0.22186
0.97091,0.027859,0.059117,-0.058629,0.30378,0.022507,-0.33912
-1.5234,0.080062,0.16025,-0.020413,-0.012162,0.0026505,0.14783
0.14262,-0.089668,0.032772,-0.014347,0.078918,0.11373,-0.046856
-0.21826,-0.024876,-0.17122,0.15294,-0.079406,0.0084621,-1.2751
-1.9538,0.094269,0.14582,-0.21065,0.19283,0.10082,-0.33025
-0.65773,0.023032,-0.097689,-0.073336,0.14972,-0.13497,-0.038853
-1.1952,-0.064566,-0.095533,-0.016721,0.21014,0.033835,0.097718
0.028648,0.068103,-0.056942,-0.17897,0.083936,0.070458,-0.70176
0.65483,-0.026995,-0.33805,0.069972,-0.0059823,0.03668,-0.13556
1.4379,-0.044766,-0.027404,0.25121,-0.4218,-0.092045,0.74906
1.0506,-0.020581,-0.33628,0.22415,-0.127,0.0084478,0.49408
0.099396,-0.068053,-0.11068,0.091969,0.13096,0.020339,-0.20102
0.78667,-0.042854,-0.11647,0.089274,0.057761,-0.053724,0.24754
0.46683,0.021734,0.10695,-0.076127,0.32308,-0.034167,0.12748
-0.45066,-0.10345,-0.030918,-0.10933,0.42096,0.17218,-0.77749
1.8592,0.048368,0.058386,0.094656,0.13629,-0.032414,0.29421
1.8729,0.062362,0.057403,-0.01474,0.053636,0.065917,0.31133
-0.18835,-0.036693,0.18911,-0.12858,0.16663,-0.12052,0.34484
0.19604,0.032583,0.077563,-0.041763,-0.0073941,0.038897,-0.52384
-2.3488,-0.016711,-0.13044,0.02019,0.073277,0.027831,-0.27913
0.87965,0.010429,0.053275,-0.10195,0.017551,0.015377,0.16229
0.98329,0.051486,-0.0092031,-0.090752,0.14882,-0.015452,0.0014493
0.1697,0.026005,0.32584,-0.15556,-0.17224,0.030971,-0.59946
-0.1569,0.05295,-0.11339,-0.029145,-0.22912,-0.035895,-0.52861
-0.32133,-0.013412,-0.042132,-0.16907,0.30195,-0.032099,0.2233
1.5329,0.043863,0.16792,-0.024118,-0.0064103,0.00060709,0.42841
-2.3899,-0.035663,-0.22474,-0.089437,-0.02812,-0.086934,0.7548
0.055292,-0.033362,0.11,0.013374,-0.26486,0.016645,-0.72837
1.2701,-0.035853,0.0051542,0.12901,-0.2425,0.050156,0.33868
1.4377,-0.0095903,-0.033739,0.029736,-0.077186,-0.16147,1.0741
-2.0535,0.0083132,0.0059172,-0.10782,0.24497,0.034925,-0.2066
1.042,-0.020323,0.18262,-0.069167,0.32001,0.12852,-0.71046
-1.2035,0.023874,-0.11587,0.013175,-0.4024,-0.10315,0.31517
1.6776,0.050539,0.37959,-0.18424,0.069343,-0.022153,0.70044
-2.4232,0.048323,-0.10737,0.082651,-0.083815,0.085179,-1.0233
1.394,0.047924,0.19902,-0.071451,0.076452,0.047317,-0.09703
-0.79583,0.034654,0.11571,-0.090107,0.35695,0.012225,-0.082599
-0.049496,-0.045928,-0.38164,0.27359,-0.18125,-0.059228,-0.29813
-1.2306,0.023474,-0.024154,-0.034922,0.25835,0.18414,-0.90372
2.1053,0.012671,0.018205,0.12595,-0.073059,0.096856,0.3468
0.32318,0.12858,0.3153,-0.34007,0.37765,0.075934,-1.0412
0.81107,0.045521,-0.07717,0.22683,-0.47773,-0.073689,0.5831
0.47138,0.029847,0.17183,-0.26555,0.40648,0.027641,-0.26686
0.66269,-0.06045,-0.13927,0.12715,-0.033696,0.045427,-0.51795
0.69762,0.037732,-0.34984,0.3237,-0.41553,-0.10403,0.39168
-2.5634,-0.080567,-0.053201,-0.18028,-0.14594,-0.0019039,0.16401
-0.54332,-0.028637,0.079928,-0.14725,0.10466,0.02184,-0.22702
0.17826,0.079619,0.23764,-0.29796,0.10028,-0.033251,0.68071
-0.19031,0.014489,0.19662,-0.072123,-0.11003,-0.033032,-0.2034
-1.0533,-0.0035032,-0.37786,0.27381,-0.80048,-0.19442,0.92446
-1.7836,0.05127,0.28171,-0.036002,-0.41152,-0.007267,0.052381
0.85422,0.0084785,0.009758,0.063463,-0.46644,-0.18873,0.77939
1.1291,-0.034323,-0.18702,0.16088,0.059115,0.062364,0.0080789
0.040615,-0.032327,0.13683,-0.22618,0.31882,0.093766,-0.79378
-1.5681,0.053632,0.18135,-0.16551,0.31575,0.11222,0.2944
0.50361,0.038411,0.29612,0.11051,-0.35928,-0.030107,-0.056757
-0.77702,-0.021944,0.099663,0.070502,-0.38357,-0.055623,-0.52817
-0.6109,-0.0027033,-0.014487,0.12917,0.064645,0.01677,-0.11256
0.31836,-0.0032371,-0.027095,-0.096696,-0.35885,-0.21688,1.1497
1.3107,-0.078888,-0.30474,0.37611,-0.38841,-0.042716,1.0832
-2.0138,0.030862,0.049969,-0.055628,-0.075724,-0.02847,0.21041
-2.3036,-0.0072977,-0.095231,0.12702,-0.34833,-0.13342,0.13712
-0.94448,0.016444,0.16767,-0.11973,-0.093556,-0.064487,-0.3879
1.1645,0.11308,0.19152,-0.01534,0.2378,0.10413,-0.68542
-2.128,-0.0099085,0.24302,-0.17694,0.10318,0.024469,0.092892
-0.83407,-0.12279,-0.30799,0.17089,-0.52511,-0.075721,-0.32311
-1.7484,0.054189,0.16183,-0.03726,0.12187,-0.091269,0.051417
1.1386,0.10053,-0.0025746,0.041326,0.062115,0.085964,-0.078638
-1.6878,0.019149,0.18603,-0.24362,0.030847,-0.036694,0.24349
-1.7402,0.0049805,-0.039235,0.18282,-0.17866,-0.13611,0.17796
0.61945,0.00025562,0.028533,-0.041922,0.012731,-0.00066707,0.084676
-0.11168,0.045133,0.073579,-0.27955,0.27273,0.15453,-1.0895
0.77195,0.040005,0.35135,-0.089127,0.44487,0.06576,-0.21458
-0.67777,-0.046963,0.039784,0.017144,-0.14641,-0.0035858,-0.51114
1.351,0.081163,0.14343,0.011405,-0.29282,-0.10713,0.59379
-1.3363,0.012416,0.0082723,0.16966,-0.42801,-0.11012,0.0022401
-2.0535,0.078635,0.39715,-0.35267,0.49792,0.12691,-0.41542
0.59305,-0.040213,-0.13662,0.091645,0.1793,0.030779,-0.38375
-0.0058315,0.0057785,0.16417,-0.13734,0.060471,-0.067053,-0.46234
0.28172,0.032202,0.11031,0.019455,0.0036605,-0.019625,0.96165
0.54258,0.058569,-0.0099228,0.10345,0.084644,0.073464,0.25111
1.0927,0.16118,0.38924,-0.094956,0.041615,-0.093018,0.6685
0.93817,0.01353,0.25081,-0.10478,0.38902,0.15173,-0.20824
0.21615,0.016509,0.21398,-0.17641,-0.12943,0.094152,-0.61711
1.9526,0.11337,-0.045161,0.055511,-0.14155,-0.077634,0.72421
0.69712,-0.019593,-0.072377,-0.18539,0.44229,0.12659,-0.16789
0.14023,-0.096843,-0.19585,0.17928,0.29628,0.12725,-0.73336
0.09826,-0.073051,-0.50494,0.10221,-0.36922,-0.029933,0.70042
-1.5723,0.047758,0.04063,-0.22344,0.033951,0.020738,-0.031057
0.63519,-0.068159,0.025747,-0.14004,0.3404,0.10492,-0.11155
0.72313,0.076782,0.00024337,-0.12239,0.17279,-0.017838,0.4096
1.128,0.059473,0.25327,-0.033273,0.0039628,-0.16355,0.53769
-0.99217,-0.010614,-0.035963,-0.17272,0.22188,0.019502,-0.59362
-0.27636,-0.068766,0.13534,-0.083722,0.16401,-0.19259,0.56187
-0.84351,-0.064134,-0.13027,-0.069192,0.21362,-0.046459,-0.13087
0.78466,0.029661,-0.076163,0.087256,0.20992,0.13288,-0.2991
0.10321,-0.035486,0.10251,-0.10421,0.2687,0.038217,-0.72951
0.15887,-0.067121,0.0032982,-0.0043987,-0.082431,0.06285,-0.27628
-0.74526,-0.12761,0.037752,-0.064491,0.055052,-0.00096141,-0.23421
0.43749,0.0028861,-0.074754,-0.063102,-0.17942,0.019141,0.61698
-2.3303,-0.10803,-0.1614,0.12526,-0.097947,0.070218,-0.40864
-2.2902,-0.049857,0.044757,-0.12033,0.081682,-0.004949,0.36476
-1.097,0.066582,-0.056835,-0.097273,0.020779,-0.029408,0.19212
0.87643,0.0086086,0.1768,-0.10416,-0.010176,0.050641,-0.29204
0.7387,-0.012721,-0.10001,0.16209,0.066459,-0.043217,0.35514
0.97142,0.028459,0.1579,-0.058714,0.39846,0.0061032,0.23059
-0.56384,0.038482,-0.027842,-0.0528,0.053135,-0.036155,-0.37532
2.2741,-0.0088836,-0.24099,0.21495,-0.051975,0.04519,0.53558
1.0497,-0.038532,-0.10894,-0.064209,0.63708,0.13818,0.30772
1.1085,0.015941,0.096609,-0.035398,0.01894,-0.067634,0.46991
1.2178,0.032578,0.073031,0.0089521,0.3158,0.11118,-0.040653
-1.1251,-0.0214,-0.24566,0.054623,-0.27235,0.039717,-0.79356
0.96963,-0.00046758,-0.34622,0.34728,-0.7518,-0.20224,0.73994
-1.0888,-0.067123,-0.11287,0.16754,-0.12626,-0.02665,-0.037457
-2.1161,0.032688,0.31071,-0.28086,0.70636,0.2108,-1.1603
2.2389,0.054288,0.010134,0.161,-0.73956,-0.066746,1.2468
1.8859,0.11266,0.34976,-0.13318,0.26911,0.067362,0.049445
1.8282,-0.035718,-0.102,0.16208,-0.17302,-0.028119,0.64571
1.1283,-0.055324,-0.19861,0.28883,-0.36714,-0.10248,0.75883
-0.86479,-0.055445,-0.27004,-0.0099527,0.056619,-0.026965,-0.26946
0.95188,0.058283,-0.098777,0.040498,-0.035729,-0.073955,1.01
0.57454,-0.081671,-0.28191,0.33804,-0.58782,-0.043857,0.51239
0.68993,0.030906,-0.015889,-0.17912,0.34977,0.12824,-0.60339
0.081937,-0.020336,-0.25721,-0.085519,-0.026454,-0.097201,0.28
-0.43674,0.076843,0.31395,-0.39395,0.21554,0.099066,-0.39858
2.0203,0.050218,0.042101,-0.025841,0.13815,-0.014632,0.80176
1.2189,-0.019937,0.067499,0.0026108,-0.19666,0.066689,0.62132
0.47767,0.099509,0.34755,-0.11418,0.12376,0.012303,-0.58475
2.0604,0.062922,0.10065,-0.086698,0.47805,0.19062,-0.23807
-1.3943,-0.095252,-0.23174,0.057536,-0.19857,-0.010699,0.31736
-0.6309,-0.04006,0.060763,0.043963,-0.13873,0.05093,0.24452
-0.39762,-0.049339,0.025921,-0.14012,0.15388,0.083735,-0.31924
-1.2653,-0.028915,0.015794,-0.015738,-0.12633,-0.0092763,0.20174
-1.5903,0.0024979,-0.22411,0.22252,-0.39873,-0.049074,0.62925
-0.78019,-0.076791,-0.069872,0.028599,-0.11058,0.079085,0.28625
-0.85207,-0.020457,-0.021359,-0.12902,0.09244,-0.037666,-0.16317
-0.29564,-0.081955,-0.18989,0.18376,0.23002,0.17456,0.24938
-0.59709,0.05908,0.24692,-0.32403,0.41332,0.17699,-0.91202
-0.36437,-0.024793,-0.12649,0.11459,-0.294,-0.12046,0.0004566
-0.83104,0.038339,0.34908,-0.080253,-0.070809,-0.038681,0.14711
1.1638,-0.058279,-0.26308,0.3415,-0.52872,-0.14405,0.96072
-2.1513,0.031032,-0.046031,-0.11743,0.26436,0.068576,-0.40751
2.0468,-0.00037144,0.21039,0.14049,-0.10602,-0.0035147,0.35229
0.60872,-0.14929,-0.36771,0.433,-0.39697,-0.021684,0.020484
0.56664,0.044378,0.13055,-0.17714,0.16902,-0.056047,0.33311
0.30752,-0.006236,-0.070846,-0.14564,-0.15839,0.011759,0.67889
-0.058396,-0.026395,0.013384,-0.072842,0.085413,0.13513,-1.3038
-2.4368,-0.026697,0.13716,-0.042203,0.25345,0.033658,-0.60722
0.87952,0.075676,-0.0020467,-0.0077422,0.10266,0.00083022,0.4822
0.95396,-0.039492,-0.084211,0.15826,-0.32099,-0.12742,0.33305
2.1496,0.0082794,-0.042736,0.10076,0.066801,-0.034101,0.92064
1.1201,0.02011,-0.11381,0.21818,-0.10107,-0.047187,0.47156
2.0081,0.079796,-0.075669,0.16513,0.061541,0.057904,0.017926
1.8673,-0.0043235,-0.041811,0.15153,-0.10605,-0.18144,1.3246
1.1691,0.0083551,-0.074319,0.10431,0.014343,-0.056508,0.020427
1.3569,-0.087223,-0.258,0.34745,-0.27522,-0.17556,0.79048
-0.49735,-0.051253,-0.015385,-0.0026612,-0.16868,-0.10175,0.23521
0.086802,0.0090404,0.35495,-0.33159,0.13725,-0.018062,-0.27565
-1.8541,-0.067716,-0.20587,0.17836,-0.29711,0.096285,-0.29975
-0.080049,-0.014919,-0.057865,0.15141,-0.39672,-0.10569,0.96582
1.9128,0.029439,-0.064883,0.13188,0.082757,0.02628,0.15098
-2.1826,0.14353,0.27608,-0.19035,-0.15518,0.10641,-0.68003
0.39852,0.0035149,-0.17124,0.078837,-0.26309,-0.046121,0.58657
-0.49008,0.0029206,0.050345,-0.12804,-0.088512,0.020591,-0.85442
-0.21671,0.010575,-0.13845,-0.10547,0.31636,0.18594,-0.93271
-1.2567,-0.0916,-0.05958,0.12138,-0.0037624,0.075325,-0.80606
0.66438,0.049848,0.12703,0.1085,-0.013217,-0.0038605,-0.17933
0.043486,-0.0067749,-0.36654,-0.024929,0.11045,-0.059164,0.24212
-0.87872,-0.079846,-0.11736,-0.011856,-0.051949,0.010691,-0.31655
-0.95573,-0.033256,0.2516,-0.27345,-0.061392,-0.13464,0.36972
-0.98433,-0.12004,-0.22271,-0.02505,-0.054144,0.050197,-0.23109
0.20979,-0.048877,-0.24822,-0.056309,0.0069501,0.038019,-0.20467
-0.15511,0.047256,0.33762,-0.1282,0.22149,0.063593,-0.9487
-1.2922,0.020557,0.067661,-0.04665,0.042266,-0.049494,-0.29899
-2.397,0.04007,0.079089,-0.010112,0.035424,-0.047113,-0.3932
-0.95892,-0.014276,0.20761,-0.25731,-0.020475,0.031342,-0.36494
-0.62325,-0.052056,-0.11298,0.020136,-0.092312,-0.10626,0.15713
-0.024641,-0.089126,-0.1506,0.1088,-0.23781,-0.097302,-0.11819
1.7988,0.034944,0.042018,0.033141,-0.069961,0.045758,0.27789
0.17912,0.043764,0.19799,-0.06076,0.47166,0.051324,0.63323
-0.082741,-0.11978,-0.22519,-0.034888,0.20879,0.069684,0.13432
0.46944,0.02729,-0.13134,0.033401,-0.17094,-0.093209,0.71923
0.48615,0.0042784,-0.076818,-0.042906,0.08111,0.038247,-0.36599
-2.2178,-0.041817,0.081431,-0.014741,-0.077408,-0.011178,-0.043491
0.051303,0.0092179,0.27818,-0.19821,-0.3304,-0.066985,0.45253
-0.050497,0.014246,0.024589,0.080785,-0.16877,-0.11409,0.84196
-0.9396,-0.061688,-0.14669,-0.022555,0.033942,0.019188,-0.58134
-1.7854,-0.034254,-0.029992,-0.17361,0.18381,0.02572,0.073522
-2.3156,0.010769,0.095974,0.035991,-0.25678,0.056393,-0.52924
-0.11599,0.095737,0.26661,-0.27697,0.27707,0.055741,-0.38556
1.3041,0.082323,0.2971,-0.091544,0.23388,0.030202,-0.18686
-0.08504,-0.051623,-0.18647,-0.017481,-0.40144,-0.11295,0.27181
0.75107,-0.067322,-0.10709,0.018724,-0.31428,-0.071823,1.4471
1.6659,0.069251,0.18751,-0.09057,0.39577,0.14696,-0.39307
-0.29771,0.019792,0.044428,-0.21914,0.24069,0.082282,-0.89565
0.11906,-0.099782,-0.26485,0.040694,-0.15417,-0.11318,-0.031921
0.86972,0.017206,-0.00049302,0.084379,0.18115,-0.029929,0.22326
-0.71053,0.026931,0.095187,0.023793,-0.42041,-0.048158,-0.52599
-0.87013,-0.019955,0.099841,-0.0035693,0.086933,0.063844,0.020762
-0.16473,-0.069088,-0.083973,-0.088133,-0.081323,-0.10908,0.15831
0.019463,0.088312,0.36268,-0.11881,-0.020904,0.017823,-0.40364
-0.11883,-0.0014618,0.04982,-0.18725,0.45536,0.082646,-0.57246
-0.82495,-0.041307,-0.01315,-0.094432,0.099108,0.070827,-0.73078
-0.50908,0.017878,-0.024458,-0.082055,-0.024725,-0.0055663,-0.14346
0.36305,-0.041669,-0.046012,0.13597,-0.071571,-0.0052787,0.041461
-1.71,-0.045194,-0.30249,0.1916,-0.24535,0.022892,0.21016
0.75596,-0.054553,-0.17714,0.060722,-0.037185,0.056178,-0.33262
0.58607,-0.017214,0.15158,0.034995,0.078417,-0.043065,-0.13787
0.10111,-0.01653,-0.025674,0.021919,-0.048761,-0.11843,0.54866
0.37401,0.061661,0.27059,-0.22246,0.22437,0.087898,-0.37522
0.54423,0.023831,0.053388,-0.078984,0.079215,-0.0022126,-0.36228
1.9997,0.073843,0.15219,0.010361,0.35492,0.17434,-0.42154
0.33782,0.072843,0.042037,-0.060144,-0.19297,-0.048984,-0.03546
-2.4897,-0.10751,-0.24186,0.0658,-0.096488,-0.045528,0.35121
-2.0829,0.06495,-0.0012484,-0.13525,0.095862,0.11621,-0.51943
-0.38782,0.012583,0.10859,-0.010486,-0.090123,-0.005261,-0.42276
1.7136,0.04868,0.19993,0.057771,0.10363,0.12043,-0.38485
1.0158,-0.00016456,0.10895,0.0059275,-0.18999,-0.21744,0.70612
1.1902,0.088457,0.1133,-0.21378,0.46314,0.071876,-0.072394
-0.24491,-0.098341,0.095405,-0.12898,0.26455,0.13201,-1.0143
-0.62314,-0.054736,-0.24639,0.11553,-0.21243,-0.10293,-0.53959
-0.31546,-0.052902,-0.27453,0.1247,-0.12795,0.11157,-0.54018
0.87168,0.092624,0.11039,-0.032576,0.33271,0.042679,-0.14759
-0.0199,0.070542,0.39245,-0.31725,0.43534,0.019934,-0.10329
-2.2491,0.043247,0.16289,-0.11211,0.066984,0.018883,-0.31879
0.6224,0.048475,0.2132,-0.026211,0.096352,-0.094186,0.088132
-0.34285,-0.078643,-0.29941,0.09034,0.018496,-0.030382,-0.042518
-0.024202,0.040977,0.25632,0.048122,-0.29808,-0.029178,0.4062
1.7888,0.042636,-0.093558,0.20892,-0.097111,-0.014053,0.14841
0.86295,0.038048,-0.024496,-0.07147,-0.048221,0.019501,0.43088
0.93621,0.040282,0.074551,-0.079204,0.42597,0.18144,-0.38158
-0.51667,-0.064082,-0.14131,0.051044,-0.37036,-0.12408,0.42736
0.27428,0.0090364,-0.12609,0.014533,-0.24877,0.00095548,0.18565
-1.2926,0.045794,0.11556,0.12546,-0.19722,-0.021125,-0.57289
1.9338,0.038572,0.098159,0.0053531,-0.0031007,0.045529,0.56616
-2.1018,0.023342,0.23957,-0.13886,0.17013,0.18558,-0.82957
-0.60417,-0.082476,-0.51602,0.41656,-0.82683,-0.18306,1.2212
-1.23,-0.073976,-0.09586,0.016801,-0.091434,0.0054998,-0.072493
2.2826,0.092681,0.10148,-0.12213,0.46468,0.046391,0.58981
0.628,-0.048358,-0.07609,-0.089843,0.21509,-0.057214,0.27321
0.59999,0.10121,0.46839,-0.32021,0.42219,-0.005771,-0.29856
0.72997,-0.039644,-0.0096082,0.17577,-0.63918,-0.11853,0.85169
-2.0925,-0.0035995,-0.0035964,-0.078481,0.30467,0.019087,-0.18347
1.1026,-0.0099955,-0.30983,0.057239,-0.18945,-0.065586,0.8007
0.78863,0.13063,0.036708,-0.23165,0.18857,0.0091908,0.29744
-0.89243,0.017396,-0.019823,-0.20593,0.074982,-0.036708,-0.23268
-0.88655,-0.097585,-0.1765,-0.057433,-0.024433,0.00027485,-0.11613
1.0457,-0.21257,-0.37763,0.30823,-0.42131,-0.16665,2.0011
-0.64989,0.0052049,-0.25208,0.16526,-0.28186,-0.040388,-0.5389
1.1787,0.029924,-0.10306,0.14811,-0.13042,-0.042228,0.76076
0.47663,0.0072796,0.10764,0.22583,-0.28673,-0.090414,0.066166
-2.0571,0.058519,0.28123,-0.29991,0.47024,0.24867,-0.97176
0.85031,0.031222,-0.036776,-0.11166,0.078616,-0.014364,0.26055
-0.12981,0.014806,-0.032459,0.15228,-0.029052,-0.061962,0.22853
0.034623,0.0067539,-0.041708,0.033511,0.076301,-0.021039,-0.070861
-1.9858,-0.018616,-0.11969,0.057559,0.32537,0.071232,-0.4496
-0.91296,-0.028039,0.11287,-0.26172,0.064268,0.026109,-0.15843
-0.99289,-0.015243,0.0068863,-0.038184,-0.47738,-0.1423,0.24053
0.87378,-0.053333,-0.10045,0.028363,0.052168,0.0068569,0.087162
1.2347,0.020758,0.008998,0.05441,-0.35304,-0.16553,1.3572
0.77683,0.10924,0.16939,-0.073573,-0.020213,-0.039295,0.47311
-2.2159,-0.0019213,0.22361,-0.13239,0.085913,0.053904,-0.29193
1.1494,0.077505,0.44156,-0.10476,0.33818,0.11199,-0.19042
0.81365,0.053843,0.044505,-0.04408,0.34969,0.16176,-1.0848
-0.060158,-0.072302,-0.22091,0.24293,-0.15781,-0.092199,-0.32032
0.46815,0.0033464,0.38599,-0.30532,0.65069,0.14076,-0.027597
1.1328,-0.038183,-0.43331,0.16398,0.29175,0.021832,0.74389
0.15268,-0.046474,0.2122,-0.12709,0.18082,-0.084906,0.52762
-0.23122,-0.069192,-0.31893,0.17998,-0.21809,-0.10426,-0.49271
-0.82543,-0.024839,-0.18909,-0.0091199,-0.04827,0.028854,-0.543
0.70546,-0.017736,-0.17962,0.25619,0.020862,0.0079938,-0.054226
1.1985,-0.0363,-0.44198,0.25769,-0.37359,-0.062558,0.66654
0.90493,0.032468,-0.029774,0.074967,-0.24314,-0.10991,0.98925
1.7372,-0.031314,-0.17629,0.15422,-0.28001,-0.11089,1.0903
0.24988,-0.008218,0.087448,-0.16015,0.036957,0.15989,-0.90736
-0.3761,0.00035293,-0.077127,-0.083945,0.049278,0.017546,-0.16269
-1.1944,0.044251,0.19791,-0.16697,-0.18146,0.12609,-0.59256
-0.77214,-0.094097,-0.3597,0.28364,-0.44889,-0.11013,-0.29434
0.22984,-0.045331,-0.08013,-0.19944,0.36898,0.071067,-0.35208
-0.85919,-0.018457,0.10539,0.0087617,-0.030891,-0.01147,-1.09
-0.69782,0.056506,0.28129,-0.26752,0.11042,0.11528,-0.79882
-2.3195,-0.037986,0.076281,0.10663,-0.53634,-0.20655,0.73824
-1.1429,0.0018814,-0.057084,0.10492,-0.31999,-0.1716,1.681
-1.8953,-0.11641,-0.057459,0.19455,-0.241,-0.070451,0.23479
1.1729,0.012186,0.040288,0.011424,-0.039391,-0.048373,1.1221
0.12481,0.026327,0.16735,-0.11598,0.28322,0.13741,-0.54839
-0.48954,-0.025644,0.015541,-0.029245,0.14781,0.1816,-1.3694
0.74259,0.10281,0.22473,0.022029,-0.14564,-0.13053,0.36872
-1.2213,0.049189,0.22865,-0.17313,-0.084959,-0.015371,-0.12751
-0.88631,0.0020672,0.17898,-0.2828,0.39356,0.078444,-0.80227
-0.46338,-0.070585,-0.032842,0.03034,-0.30098,0.044892,-0.34358
0.72878,-0.052193,0.071277,0.016486,0.14072,-0.015759,-0.16531
0.7035,0.055995,0.25725,-0.078459,-0.064737,-0.038173,0.65695
0.045454,-0.039225,-0.055235,-0.096253,-0.036059,0.075936,0.0036429
0.5563,-0.067947,0.055027,-0.030588,-0.073362,-0.026327,0.21052
-1.0195,-0.078015,-0.15035,-0.051001,0.18863,0.16952,-1.1194
-2.3173,0.055581,0.23389,-0.023552,0.09099,0.046286,-1.0013
1.2522,0.010348,-0.091871,-0.03237,0.018766,0.062721,0.64803
-0.14817,-0.053071,-0.29931,0.081669,-0.025636,0.020354,-0.31832
0.20672,-0.027133,-0.13143,0.133,-0.080604,0.0032738,-0.060229
-0.8082,-0.019795,-0.045688,0.0038002,0.4889,-0.051943,0.2616
-1.3278,0.036378,0.046919,0.083304,-0.18937,-0.02915,-0.29474
-1.7628,-0.014995,-0.17976,0.034876,0.085388,0.11188,-0.16128
-2.2376,-0.0046491,0.055259,-0.00030787,-0.32366,-0.11403,0.40511
-0.79879,-0.064027,-0.15583,0.043947,-0.40331,-0.082379,0.13049
-0.08613,0.12954,0.17047,-0.1659,0.090588,0.03546,0.36405
1.0203,0.091267,0.2584,0.099516,-0.4842,-0.19231,1.1301
-0.26952,-0.013733,0.007337,0.1021,-0.42888,0.021943,-0.53176
1.4907,0.060848,0.31025,-0.076106,0.11612,0.036203,0.2352
0.43728,-0.040139,-0.11104,-0.0026763,-0.22047,-0.056694,-0.23069
1.2257,0.039662,0.28587,-0.13944,0.14186,0.093478,-0.16582
-2.2569,-0.040518,0.099297,-0.0058489,0.014958,-0.098741,0.047544
-3.2135,-0.037807,0.23085,-0.27178,-0.06331,-0.037493,0.21252
1.806,0.015707,-0.085055,0.23207,-0.4665,-0.079399,0.83248
-1.0106,-0.02483,0.12154,0.06029,0.19318,-0.047961,0.98418
2.0404,0.065665,0.038482,0.14946,-0.17078,0.019478,0.20282
-1.7587,-0.051824,0.063551,0.0035531,0.10953,-0.03424,-0.3812
-2.277,0.050562,0.050385,-0.22267,0.036951,0.091733,-0.1549
-1.9026,0.021856,0.28763,-0.17082,0.11021,-0.0014528,-0.51987
0.21389,0.054883,-0.037051,-0.10549,0.038594,0.12312,-0.21621
1.0227,0.00054831,-0.2209,-0.062153,0.032234,0.06329,0.81208
-0.33113,-0.046702,-0.082165,-0.0094729,-0.17089,-0.0097936,-0.032315
0.52161,-0.051026,-0.11665,0.07505,-0.28018,-0.057244,0.15718
-1.0254,-0.037381,0.10002,-0.22004,0.14003,-0.02528,-0.21685
0.92548,0.021158,-0.0082956,0.06664,0.16352,0.16939,-0.23092
0.76411,0.015679,0.10967,-0.062,0.40454,-0.0049442,0.25437
-1.1317,0.0053088,-0.44805,0.4077,-0.46266,-0.083566,0.67708
-2.0724,-0.065411,0.012781,-0.11595,0.46985,-3.05E-03,0.1973
-0.74378,-0.0258,-0.012798,-0.073212,0.21171,0.031897,-0.71864
0.68889,-0.0028508,-0.1304,0.01026,-0.041979,-0.064409,0.58915
0.22536,-0.031296,-0.21087,0.096497,-0.44892,-0.029689,0.16447
-0.099592,0.14588,0.36284,-0.047896,-0.27906,-0.047663,-0.49036
1.5172,0.08415,0.081157,-0.17558,0.0048632,0.038232,0.54019
0.092384,-0.038417,0.0031697,-0.14998,0.2079,0.083369,-0.17377
1.7892,-0.024678,0.059528,-0.10421,0.47333,0.0027806,0.78628
0.30904,-0.10037,-0.25344,-0.00044189,-0.30961,-0.085051,0.63484
1.9006,0.026536,0.13432,0.090782,0.11595,0.027973,0.18821
-2.1989,0.011413,0.21149,-0.1191,-0.06229,0.041853,-0.090375
-1.0587,-0.06925,-0.036667,-0.22995,0.23191,0.11283,-0.51257
1.8326,0.09045,0.062512,0.059495,-0.11811,-0.027823,0.49199
-0.12537,-0.047199,-0.13795,-0.083345,-0.25069,-0.082702,0.24854
0.77779,-0.019123,0.10129,-0.046126,-0.0053502,-0.068718,0.92933
-0.29592,0.010726,0.24573,-0.094274,-0.081731,0.052929,-0.63023
-1.3008,-0.10934,-0.15287,0.057296,0.084386,0.028329,0.093004
-0.85331,0.03351,0.3724,-0.24919,-0.014059,-0.05572,-0.35135
-2.3488,-0.0094251,0.18978,-0.12484,0.39854,0.033852,-0.46887
-1.9949,0.0016325,0.18249,-0.083902,-0.11265,0.032246,-0.085622
-2.0203,-0.12524,-0.4048,0.38008,-0.31544,-0.058831,0.0082281
0.36422,0.091366,0.21079,-0.19767,-0.11709,-0.12018,0.45604
0.24952,0.047399,0.20394,-0.22009,0.3935,-0.0017506,0.094575
0.41809,-0.077812,-0.16365,0.070281,0.020967,0.060655,-0.49592
0.25861,-0.11582,-0.11951,0.15534,-2.27E-01,-0.091535,0.18475
0.59176,0.012705,0.20007,-0.12527,0.24863,0.034797,-0.46256
1.0361,-0.034837,-0.14466,0.084165,-0.044652,0.047297,0.0057516
0.33971,-0.0075794,0.0015609,0.013269,0.07013,-0.055549,0.25599
0.84627,0.081068,0.14089,-0.078273,0.16957,-0.026898,0.60597
0.18975,0.024086,-0.049886,0.03626,-0.53947,-0.069115,-0.14907
0.78773,-0.03659,0.15002,-0.15343,0.43988,0.21535,-0.81543
-0.5966,0.016851,0.17636,-0.13876,-0.065132,-0.002661,-0.28901
-2.0192,0.10548,0.30019,-0.15584,-0.080599,-0.0084101,-0.13806
0.40726,0.031474,0.16388,0.014967,-0.084563,-0.043699,-0.24601
-0.52833,-0.018646,0.033835,0.064723,-0.032088,-0.018718,0.39836
0.3516,0.024358,0.42907,-0.35424,0.8624,0.089236,-0.87957
-0.098242,-0.025245,-0.026595,-0.013998,-0.19519,-0.028148,-0.58748
0.63831,-0.07722,-0.052496,-0.07488,0.26898,0.081842,-0.50232
1.1914,0.055954,-0.072931,0.07683,0.36251,0.10994,-0.28379
1.6326,0.0083333,0.08904,-0.081773,0.48987,0.15866,-0.20041
-1.1149,-0.12177,-0.30098,0.20189,-0.5669,-0.14685,0.70615
-1.9205,0.10922,0.14005,-0.22231,0.11315,-0.008409,0.16907
1.2,-0.045598,-0.14741,0.1599,0.09905,0.12028,-0.25855
0.49108,-0.10955,-0.22483,0.14605,-0.10791,-0.039555,0.4213
-0.41082,0.11654,0.42535,-0.15304,0.12475,0.028265,-1.1868
-0.65218,-0.013904,0.0066058,0.1793,0.085435,-0.089773,0.095806
1.8247,0.018173,-0.056197,0.12852,-0.15052,-0.0014831,0.45628
0.0025231,-0.019614,-0.063079,0.15522,0.20814,-0.016286,0.071178
-0.047445,0.084614,-0.15512,0.20949,-0.13934,-0.031865,0.64337
-1.8384,0.0091618,0.083818,0.093603,-0.061553,-0.094774,0.17121
0.73186,0.057277,0.091634,0.040777,-0.23584,-0.035234,0.60011
0.8306,0.030536,0.22231,0.022635,-0.19243,-0.022491,0.36019
1.165,-0.0076921,-0.11085,2.10E-01,-0.086393,-0.017022,0.39112
-0.50556,0.16162,0.0027526,0.026974,0.26461,0.038999,0.062973
1.699,0.062407,-0.092659,0.30463,-0.30437,0.028809,0.2513
-0.26169,0.0065329,0.20548,-0.041652,0.13466,0.005003,-0.62543
1.7483,-0.13884,-0.59429,0.22934,-0.017876,-0.024241,1.1388
0.24193,0.058679,0.14976,-0.10806,0.075425,0.0065455,0.072716
0.5967,0.024003,-0.015993,0.12001,0.12414,-0.066734,-0.27426
-1.9438,0.043545,0.067527,-0.10896,-0.16258,-0.040062,-0.17503
1.5446,0.030822,-0.077938,0.031954,-0.0016113,-0.038198,0.6272
-0.18248,-0.05889,-0.14541,0.19897,-0.44291,-0.015911,-0.1682
0.688,0.025537,-0.090143,-0.11481,0.0042129,0.017778,0.27766
-0.47583,0.0013736,0.053791,0.073996,-0.32469,-0.031825,-0.4007
0.90884,0.067862,-0.070711,-0.0097731,0.25836,-0.011218,0.43689
-0.2216,0.063041,-0.015481,0.052426,0.16809,0.035947,-1.1231
1.8871,0.13795,0.42995,-0.10131,0.19436,0.090777,0.0031142
0.19212,0.042605,0.12132,-0.10126,-0.1907,0.049309,-0.31867
-0.64404,0.032719,0.12707,-0.29085,0.43238,0.067072,-0.61565
-0.81027,0.0050763,0.21473,-0.16993,-0.069046,0.026327,-0.45361
-2.9386,-0.039816,-0.09855,0.037868,-0.25642,-0.14304,0.1785
1.8216,-0.036696,-0.19975,0.21345,-0.082292,0.074809,-0.13949
-0.88607,-0.080187,-0.064079,0.024362,-0.14972,0.011909,-0.63714
-0.8082,0.013478,0.25513,-0.14359,-0.12997,-0.039012,0.87469
0.72513,-0.066534,-0.049742,0.10957,-0.092878,-0.11695,0.10718
1.2854,0.081522,0.33367,-0.15294,0.33353,0.028141,0.14855
-0.02439,0.031959,0.31066,-0.36189,0.38347,0.073492,-0.86981
1.484,0.044465,0.040163,-0.17307,0.25469,0.091125,0.29206
-2.0144,-0.061715,-0.30219,0.24327,-0.34384,-0.016372,0.1312
0.1676,-0.013343,-0.17499,0.058803,0.19877,0.042393,-0.29133
1.1524,0.015256,-0.24077,0.18946,-0.094161,-0.10308,0.70034
1.0664,-0.033182,-0.25941,0.074326,0.19966,-0.057607,0.85767
1.0936,0.0051846,0.099478,-0.06035,0.41533,0.067775,0.0058314
1.3842,0.036018,0.20199,-0.1084,-0.15558,0.041168,0.45684
-1.7765,0.057324,-0.0058221,-0.057886,-0.3234,-0.062091,0.82666
1.0868,0.07814,0.086748,0.029221,-0.102,-0.12021,1.0246
-0.66636,0.00063556,-0.13551,0.060805,0.0091818,-0.019538,0.39784
1.2579,0.078141,0.17322,-0.12004,-0.406,-0.063451,0.59449
-1.6344,-0.050208,-0.24787,-0.2223,-0.034674,0.0085269,0.06932
0.42397,0.0052648,-0.25569,0.20525,-0.19901,-0.046948,-0.505
0.12202,0.065214,0.22995,-0.17999,-0.0092884,-0.054281,-0.50251
0.072823,0.019644,-0.095206,-0.041127,-0.027559,0.0055147,-0.23005
-0.73728,0.029912,-0.078444,0.21897,-0.36884,-0.016016,-0.064792
-0.13149,0.018828,-0.14173,-0.14096,-0.044996,0.015695,-0.43413
0.85374,0.015359,-0.015892,-0.0060682,0.036501,-0.02448,-0.0026516
-0.40934,0.029006,-0.012491,-0.13031,0.17055,0.036984,-0.36564
0.67025,-0.072492,0.15395,0.046725,0.073872,0.087592,0.17356
-1.197,0.017888,0.051482,0.033216,0.064348,-0.034734,1.151
-0.16566,0.0064485,0.12964,0.084673,-0.25511,-0.11289,0.7929
0.69673,-0.049857,-0.22959,0.15633,0.21504,0.11514,-0.49013
-1.177,-0.053382,-0.20192,0.013993,0.22768,0.056997,-0.49433
1.6271,0.014788,-0.14255,0.23599,-0.31873,0.0005362,-0.20362
-0.30961,-0.074121,-0.12856,0.17858,-0.67494,-0.080583,0.23774
1.8416,0.050308,0.33662,-0.23881,0.25749,0.15148,0.40786
2.1326,0.016308,-0.24952,0.28367,-0.43266,-0.12333,1.1499
0.87364,0.088032,0.16649,-0.03524,-0.092291,0.055828,0.19861
2.1411,0.0086732,0.19661,-0.13427,0.21087,-0.07239,1.5081
0.14219,-0.0019449,-0.08875,0.024229,-0.09475,0.0018298,0.26868
0.025893,-0.026422,-0.094657,-0.13455,0.1348,0.1327,-0.28452
0.16083,0.0042912,0.032803,-0.065205,0.33812,0.12598,-0.96997
-1.2306,-0.0017072,0.11276,-0.031731,0.13909,0.079464,-0.46204
0.75538,0.065436,-0.00087005,-0.01057,-0.1194,0.040706,-0.09897
-0.20888,-0.061152,-0.018444,0.14222,-0.26664,0.044196,-0.52374
2.4994,0.13862,0.24122,-0.25738,0.27474,0.074981,0.8494
-0.26447,-0.0024129,0.085772,-0.010128,-0.37041,-0.16264,-0.13696
-0.033826,0.042412,0.089283,-0.13062,0.14539,0.058056,-0.13974
0.071857,-0.0085124,0.036894,-0.037663,0.052665,0.08878,-0.57193
1.6443,0.013956,0.0542,0.011475,-0.031787,-0.06424,0.74115
-0.21572,-0.069071,0.036473,-0.06182,0.2118,0.024585,-0.1108
1.2198,-0.027866,-0.13382,0.33751,-0.29082,-0.070704,0.48943
-2.9683,-0.039942,-0.18973,0.040567,-0.4044,0.0080062,-0.69238
-0.5606,0.039,0.020308,-0.077592,-0.048158,-0.10831,-0.096758
0.52275,0.084732,0.20222,-0.13703,0.52561,-0.013989,-0.46655
0.010965,-0.092271,-0.39881,0.062744,-0.18775,-0.036639,0.07861
-2.2843,-0.0089761,-0.0010156,-0.089832,-0.013822,0.03128,-0.002607
0.45069,-0.010728,-0.073248,0.062245,-0.010405,-0.026594,-0.38287
-0.63621,-0.019151,0.035128,-0.14507,0.13287,-0.024538,-0.087594
1.0242,-0.032998,-0.038833,0.12356,-0.13205,-0.10127,0.97941
-0.71053,-0.030357,0.017654,-0.2447,0.31695,0.025818,-0.14014
-1.1503,-0.030352,-0.042278,0.09367,-0.2115,-0.14109,0.088314
1.2081,0.087732,-0.026772,0.081858,0.028939,-0.012026,0.45651
1.3411,0.045803,0.24827,-0.056627,0.23121,0.07373,0.29512
1.9729,0.082058,0.23067,0.050753,-0.15325,-0.11419,0.92492
-1.6428,-0.10018,-0.16969,0.061454,0.06101,0.031659,0.36214
1.0519,-0.017,-0.27545,0.086719,0.13573,0.040512,-0.30214
2.0805,0.0089317,0.239,0.01746,-0.10661,-0.1338,1.2125
-0.19162,0.0091973,-0.040929,-0.15158,0.18262,0.030606,-0.71646
-0.77604,0.10771,0.28947,-0.24923,0.21546,0.01573,0.37727
1.1818,-0.004687,0.17215,-0.20948,0.32051,-0.036499,0.70699
0.75449,0.014818,-0.12909,0.14042,-0.24821,-0.066418,-0.064433
-0.089494,-0.11808,-0.12634,-0.015261,0.25137,0.10393,-0.43062
-0.8139,-0.085705,-0.22376,0.021646,-0.11579,-0.094893,-0.06894
-1.4955,-0.080041,-0.023889,0.041177,-0.24298,0.041639,-1.1611
-1.0226,-0.025885,-0.12807,0.33002,-0.2175,-0.12738,0.79576
1.7105,-0.041867,-0.39799,0.33647,-0.20289,-0.070598,1.0509
-0.92592,-0.046212,-0.18941,-0.044833,-0.32151,0.029417,-0.25479
1.8601,0.022828,-0.10095,0.21689,-0.46287,-0.10279,0.8416
1.3226,0.049088,-0.10713,0.096534,-0.032891,-0.011145,0.4151
0.66152,0.016198,0.18633,-0.069777,0.14033,0.13925,-0.43629
0.83369,0.0077679,0.069747,-0.16469,0.23724,0.032827,0.14132
-0.53647,-0.062577,0.14805,-0.21167,0.016515,0.14491,-0.34988
-0.13944,-0.004414,-0.080546,0.006205,-0.17357,-0.092005,0.5087
-2.1978,0.050732,0.19134,0.029383,-0.097157,0.0075194,-0.78659
-1.44,0.073755,0.15123,-0.0367,-0.028942,-0.068432,0.8615
-0.7379,-0.1065,-0.42646,0.20706,-0.21167,-0.13015,0.15464
1.4507,0.029683,-0.021558,0.080372,-0.41068,-0.075718,0.71953
-1.7132,-0.030971,0.0079534,0.12001,0.062525,0.10637,-0.72607
0.62317,0.12245,0.40695,-0.27845,0.2852,0.06315,-0.66225
-2.2823,0.0080907,0.018066,0.077214,-0.16551,-0.084424,-0.11734
-1.0919,-0.053681,0.035356,-0.15546,-0.19928,0.020483,-0.18297
0.96269,0.04828,0.26872,-0.21381,0.25466,0.0046011,0.35608
-0.66945,-0.012454,0.19274,-0.08276,0.28003,0.14047,-1.344
1.7656,0.045471,0.17296,0.09887,-0.050043,-0.028475,0.087769
-1.1597,-0.01131,0.10751,-0.19798,0.27954,0.015728,0.35332
1.2777,-0.01984,-0.15697,0.044438,0.0157,0.038922,0.39374
-0.077205,-0.091769,-0.11898,0.01251,-0.11529,0.014228,-0.40695
1.0312,0.073757,0.061309,0.019271,0.28785,0.044171,-0.26498
0.21844,0.037295,0.038987,0.13484,0.24991,0.026664,0.32387
-0.9198,0.01551,0.20986,-0.31173,0.37497,-0.015157,-0.3621
0.99782,-0.02317,-0.18844,0.1166,0.2153,-0.036531,0.543
1.1548,0.054272,0.086215,0.03032,-0.077291,-0.036874,0.077989
-0.081677,-0.051685,-0.29082,0.2927,-0.12926,-0.02611,-0.88329
-0.045677,-0.061193,-0.092482,0.036827,-0.49991,-0.16026,0.32951
-1.7374,-0.15369,-0.34108,0.12255,0.0279,0.029356,-0.19653
0.45942,-0.0052291,-0.29329,-0.0021176,0.029969,0.050072,0.19402
0.59788,-0.051769,-0.20275,0.26868,-0.19212,-0.13913,0.70372
1.6844,-0.033424,0.16511,0.063067,0.014211,-0.00018743,0.26591
0.44143,0.038278,-0.11194,0.066247,-0.15913,0.029251,0.2185
-1.8814,0.053913,0.2406,-0.20594,0.084187,0.062185,0.050877
1.4185,0.022577,0.032554,-0.040466,0.062601,-0.0022074,0.57893
1.9392,0.041914,0.16954,-0.041227,0.068979,0.04071,0.47345
1.1866,0.074791,-0.0032843,0.17868,-0.076963,-0.016253,0.12915
-2.2511,-0.0013832,0.037436,-0.10432,0.13275,0.083396,-0.36786
-0.86561,0.029346,0.009323,0.15783,-0.057963,0.024353,0.46999
0.018058,-0.02989,0.15952,-0.057267,-0.15305,-0.054703,-0.017291
-1.3747,0.079545,-0.034673,-0.21512,0.18628,0.021605,0.013143
0.0073699,0.076004,0.50697,-0.50833,0.4941,0.19801,-1.1482
-0.13833,-0.016703,-0.27453,0.074904,-0.16982,-0.0019062,-0.76428
-2.1181,-0.04438,0.024997,0.066609,-0.11704,0.00078491,-0.29256
-1.8873,0.011453,0.045717,-0.19183,0.15147,-0.12326,0.96733
0.23409,0.031042,0.023428,-0.063199,0.26025,-0.0086627,-0.09104
1.3313,0.074086,0.19252,-0.11868,-0.0057382,-0.0063766,0.36869
0.042332,-0.030422,-0.07103,-0.025502,-0.16684,-0.05074,-0.23537
-0.56972,-0.065771,-0.20691,0.070687,0.047241,0.12588,-0.96133
0.019946,-0.021629,-0.0050457,0.046802,-0.077015,-0.014428,-0.048167
1.175,-0.044163,-0.084338,0.0027044,-0.0070567,0.020726,0.45961
0.019051,-0.086387,-0.18546,-0.031829,-0.17567,-0.11047,0.93828
1.5779,0.063496,0.18117,0.13815,0.28692,0.072873,-0.95321
-1.5195,0.030099,0.2071,-0.27037,0.35638,0.16616,-0.81102
0.76034,0.11535,0.2612,-0.14551,0.13783,0.046407,-0.82134
-2.3836,-0.046618,-0.25496,0.25366,-0.54746,-0.11237,0.11887
1.3143,-0.001614,-0.17555,0.42045,-0.52206,-0.20808,0.97456
-1.9779,0.019119,-0.24821,-0.066384,-0.019749,-0.047986,0.64182
0.28501,0.099117,0.17881,-0.22799,0.10208,-0.045111,0.0035111
1.2322,0.033939,-0.046997,0.11957,-0.022356,0.038134,0.7262
-2.0868,0.011101,-0.036208,-0.079108,0.031023,0.059243,0.02432
1.4781,0.026241,0.14169,0.013313,-0.11426,0.049551,0.20786
0.53907,0.036898,0.39526,-0.044869,0.05139,0.12206,-0.55202
1.7183,0.043544,0.12202,0.070819,0.15477,0.10401,-0.34389
0.94601,0.040871,0.0049958,0.027088,-0.099779,0.025546,0.5694
1.4175,0.11646,0.16472,-0.054688,-0.12703,-0.045496,0.28786
1.3321,-0.00024071,-0.013495,0.11663,-0.18802,-0.063725,0.28856
0.06997,0.0068329,0.14609,-0.16586,0.27508,0.11085,-0.99974
-0.077008,0.12519,-0.015337,0.014056,0.026154,-0.10893,0.49892
0.64585,-0.014978,0.036097,0.046793,-0.14675,-0.01655,0.02639
1.2747,-0.0039962,0.098231,-0.03995,-0.3001,-0.099893,0.99514
-1.6548,-0.01345,-0.06966,-0.12417,0.16173,0.10102,-0.50307
-0.28221,-0.018598,-0.062766,-0.0053876,0.11549,0.019115,-0.29542
0.49142,-0.05178,-0.07739,-0.16507,0.33178,0.010273,0.096425
-0.44259,-0.05338,-0.13552,0.036807,-0.17102,-0.030754,0.046563
-0.0073517,-0.079042,-0.084119,-0.0089533,-0.055921,-0.091483,0.47885
1.1283,0.076461,0.14543,0.084572,0.022214,-0.062174,0.085307
-0.33027,-0.017392,-0.25148,0.40238,-0.086784,0.12346,-0.11746
1.2971,0.1052,0.33769,-0.11715,0.2735,0.1335,-0.53349
1.1192,0.062268,0.033617,0.2405,-0.32553,-0.17627,0.48083
0.37295,-0.015174,-0.10394,0.2647,-0.44037,0.1269,-0.80316
-0.023815,-0.0063838,-0.24367,0.36667,-0.53902,-0.15856,0.64812
-1.9166,0.077378,0.37599,-0.31825,0.37517,0.20607,-0.64525
1.6209,-0.0044206,-0.28807,0.25037,-0.13737,-0.0068884,0.34591
-1.1637,-0.0119,-0.1482,0.073378,0.12191,0.037203,0.87812
1.3177,0.011087,-0.12615,0.092409,-0.093734,-0.063216,0.52462
-2.4564,0.10238,0.17522,-0.27559,0.31424,0.11249,-0.66496
0.88747,0.064375,-0.15877,0.039598,-0.19197,-0.053838,0.070564
-1.0853,0.015075,0.05722,-0.097216,0.0028122,-0.076265,-0.51639
0.71121,0.035552,0.26177,-0.16376,0.058513,-0.035832,-0.16358
0.72214,-0.037139,-0.08006,0.048963,-0.12348,0.039174,0.18002
-0.23873,0.13329,0.12437,-0.016865,0.12867,-0.016154,0.59645
-0.51888,-0.020177,0.20339,-0.13251,-0.028999,-0.0056461,-0.34235
0.49437,-0.029375,-0.1279,-0.048685,-0.23275,-0.10926,0.8176
-0.015187,-0.034396,-0.089151,0.016423,-0.24992,-0.021823,-0.017233
-0.75357,-0.038572,-0.042135,-0.13267,0.26904,0.14138,-1.0543
0.68106,0.015262,0.25362,-0.1172,-0.088597,0.089261,-0.15523
0.90297,0.047094,0.065615,0.13217,-0.11222,0.051254,-0.20469
-0.6108,-0.016671,-0.12913,-0.051216,-0.18998,-0.067173,0.075449
-1.6435,-0.078242,-0.21708,0.1819,-0.030125,-0.011598,0.20316
1.253,-0.028347,-0.15421,0.17274,0.30297,-0.018756,0.39528
-0.28733,-0.10265,-0.18929,0.063206,-0.22823,0.0062919,-0.53112
0.13948,-0.022181,0.018727,0.059772,-0.43037,-0.13695,0.7109
0.63512,0.061323,0.08724,-0.032917,-0.10777,0.080024,-0.19284
-0.54822,-0.095686,-0.1233,-0.069513,0.31753,0.12757,-0.76824
0.82098,0.03651,0.11927,-0.17355,0.2697,0.11358,-0.42439
0.26734,0.027671,-0.17739,0.13304,0.04116,0.0056447,-0.44773
0.99596,-0.034465,0.22896,0.035281,0.1951,0.079913,-0.19577
-0.56961,-0.039093,-0.18954,0.19101,-0.024322,-0.047098,0.35267
-0.48704,0.065792,0.084969,-0.16528,0.33643,0.15331,-0.10934
0.011646,0.030951,0.14995,0.14999,-0.14842,-0.12911,0.37612
-0.92568,0.0096011,0.076375,-0.16224,0.082799,0.01655,-0.71025
-0.67729,0.017489,0.090436,-0.1089,0.14595,0.027712,-0.79835
2.0433,-0.031919,-0.042831,0.21208,-0.28107,-0.22179,1.6934
0.4405,-0.087144,-0.12503,0.1299,-0.075199,-0.06773,0.21476
-2.1989,0.029754,0.40883,-0.11347,0.084672,0.12387,-0.89272
0.20085,0.041972,0.11163,-0.14126,0.056604,0.061091,-0.017012
1.1528,0.011775,0.20645,-0.18007,0.76386,0.10597,0.31167
-0.16497,0.006511,0.20471,-0.01416,-0.22817,-0.08247,-0.72269
0.19607,-0.0027664,0.18389,-0.11184,-0.010855,0.087879,-0.041357
1.1201,-0.072981,-0.22329,0.12243,-0.028891,-0.012416,1.1464
-1.4451,-0.053498,-0.07836,0.0098744,0.36516,0.12184,-0.92569
1.308,0.072295,0.19786,-0.050255,-0.19916,0.16033,-0.50843
0.97925,-0.053525,-0.25441,0.2245,0.2613,0.15202,-0.35325
-1.8111,0.053065,0.19815,0.010475,-0.29868,-0.067157,0.21436
1.6345,0.088935,0.37808,-0.19436,0.20812,-0.028856,0.061525
-1.6136,-0.13205,-0.17839,0.066686,-0.059798,0.0039299,-0.046645
-0.78682,-0.045376,-0.082306,-0.098441,-0.15414,0.061236,-0.39408
0.23997,-0.023265,-0.22121,0.0034365,-0.17726,-0.048475,0.84139
-0.49003,-0.013803,0.041058,-0.16571,0.15699,0.036953,-0.28672
0.85543,-0.030589,0.099284,-0.12924,0.5543,0.19786,-0.94571
1.7793,0.057526,0.15381,0.017287,0.19061,0.121,-0.19172
-1.2831,-0.014405,0.041701,-0.055661,-0.045626,0.032476,-0.3661
-2.2902,-0.053031,-0.24723,0.11797,-0.44201,-0.16033,0.71798
0.88709,0.031211,0.038949,0.017771,-0.40071,-0.098747,0.38252
1.8331,-0.015347,-0.16274,0.25858,-0.038236,-0.075002,0.45145
-2.3234,0.045107,-0.014296,-0.043695,-0.35718,-0.022908,0.056045
2.3093,0.037756,-0.0046801,0.032618,0.32353,0.053559,0.41884
-3.4362,0.0047464,-0.12013,-0.13361,-0.23176,-0.14428,0.29027
0.45917,-0.0095338,0.0047444,0.011207,-0.19022,-0.069714,0.10846
-2.3508,0.034191,0.093492,-0.021729,0.23008,0.17262,-1.3464
0.57376,0.043612,0.040169,-0.042943,0.244,-0.00011782,0.25518
-0.19798,-0.027614,-0.054362,-0.11243,-0.11811,-0.059601,-0.10607
0.55708,0.035738,0.062837,-0.034955,-0.24085,-0.028995,-0.12414
1.27,-0.00050757,-0.015899,0.227,-0.40244,0.0076959,0.57066
0.16044,0.044069,0.22006,-0.19882,0.47095,0.15291,-0.62061
-2.3567,-0.015424,-0.024219,0.17509,-0.60323,-0.10627,0.0085095
0.034014,0.033554,0.12222,-0.30928,0.2683,0.077188,-0.60183
-1.2299,-0.10621,-0.005758,-0.0099429,-0.1343,0.0017646,0.089136
2.0932,0.10759,0.21783,-0.21542,0.2158,0.046162,0.82837
0.62836,0.049687,-0.091243,-0.10752,0.14249,-0.064569,0.58715
0.27517,0.015866,-0.19043,0.17301,0.012351,-0.09151,0.0043572
-1.2563,0.05039,0.085576,-0.11395,0.014984,-0.045654,-0.21479
0.13436,-0.042702,-0.24721,0.22971,-0.34475,-0.10918,0.35539
0.75501,-0.068215,-0.017656,0.060713,-0.19399,-0.086325,0.70507
0.59151,0.0031275,0.20542,-0.23694,0.40994,0.13417,-0.50205
0.82971,-0.016882,0.01472,0.10973,-0.097863,-0.071109,0.28945
0.34077,0.083173,0.14689,-0.1605,0.23847,-0.056582,0.0044622
1.4399,-0.0019848,0.1623,0.05823,-0.10514,-0.022026,-0.13167
1.28E+00,0.088983,0.36054,-0.16105,0.12816,-0.0023079,0.73585
1.2874,0.08212,0.14564,-0.0077395,-0.10092,-0.036857,0.51225
1.2966,0.060018,0.15063,-0.1278,0.46708,0.093521,-0.4337
-1.7109,-0.032064,-0.15816,0.12779,-0.054142,-0.057811,0.4251
0.66002,0.088505,0.23299,-0.062921,0.26285,0.0012769,-0.51817
1.9658,0.055471,0.20241,-0.073823,0.33388,-0.022935,0.4988
0.17933,0.081404,0.4633,-0.25194,0.23866,-0.046155,-0.011978
0.17348,-0.054925,-0.46965,0.28306,-0.37299,0.0021679,0.16238
0.17647,0.03211,0.2577,-0.10914,0.14578,0.01039,-0.66329
1.1417,0.036651,0.10501,-0.04952,0.063261,-0.027033,0.23146
-0.15654,-0.039144,-0.30838,0.22266,-0.3446,-0.11655,1.0399
-0.051285,-0.073061,-0.17208,-0.041215,0.05878,-0.00035924,-0.22178
0.30286,0.03615,0.10183,0.11721,0.11906,0.025893,0.41786
-0.015187,-0.078047,-0.19618,0.054575,-0.3417,-0.010055,0.17917
1.1533,0.061714,-0.017184,0.043006,-0.091651,-0.064031,0.93368
0.40815,0.054936,0.29024,-0.052824,-0.080002,0.052443,-0.33692
0.75043,-0.030363,-0.26113,0.30788,-0.46794,-0.058125,0.53327
1.5994,0.035687,0.1383,-0.057932,0.40313,0.023509,0.15049
0.17153,0.0010927,0.18818,0.071819,-0.17499,-0.051685,0.040486
1.4977,0.16694,0.39547,-0.18637,0.39585,-0.0018153,-0.1098
0.75826,0.053844,0.17724,-0.010657,0.16601,-0.0097125,0.25227
-2.8782,0.026162,0.24022,-0.25447,0.58258,0.073829,-0.73325
1.3668,-0.076927,-0.12782,0.18399,-0.024625,-0.021167,0.24832
1.8869,-0.033423,-0.095492,0.15274,-0.091621,0.043754,0.36242
2.1059,0.0303,0.24383,-0.02243,-0.14875,0.052341,0.74182
1.8575,0.085599,0.28954,0.15182,-0.44482,-0.1621,0.53453
-0.067885,-0.095488,-0.34373,0.33556,-0.37005,-0.061687,0.67062
0.07386,-0.0053717,0.20346,-0.13496,0.25912,0.14364,-1.4811
1.2604,0.013728,-0.12965,0.18238,-0.36239,-0.21456,0.98109
0.046107,0.026915,-0.20161,0.12143,-0.17863,-0.13551,0.34168
1.7592,0.015495,0.12412,0.00946,-0.28144,-0.023924,0.87978
0.78148,0.011502,0.040065,-0.024456,0.10913,0.065805,-0.61026
0.13523,-0.033005,0.063752,-0.16016,0.26677,0.093854,-0.8186
-0.95304,-0.020082,0.018839,-0.072312,0.17164,0.089065,-1.1422
-0.96625,-0.074269,-0.14817,-0.02934,-0.039715,0.010742,-0.39337
1.1554,-0.0031685,-0.046916,0.053022,-0.004672,0.053078,-0.1276
-0.5306,-0.056074,0.035289,0.173,-0.033018,0.0081568,-1.0612
1.0694,-0.13695,-0.34108,0.1559,-0.44763,-0.14984,1.5295
-1.8673,0.0049606,-0.1669,0.12817,-0.44948,-0.094335,0.98082
-0.81733,0.033467,0.10533,-0.019827,-0.25316,-0.10147,0.89227
-1.8323,-0.071184,-0.37133,0.18836,-0.34859,-0.12222,1.2271
-2.1846,0.065537,0.30416,-0.27808,0.39022,0.13049,-0.71028
-2.1018,-0.0091364,0.035946,-0.18064,0.46471,0.072425,-0.11949
-0.61005,-0.0053815,0.11702,-0.15536,0.10793,0.05863,-0.44862
-0.82006,-0.049718,-0.27085,0.088945,-0.34988,-0.077567,-0.14771
0.79361,-0.067539,-0.21424,0.1189,0.089998,0.072589,-0.31446
-0.12561,-0.048741,-0.082737,-0.05197,0.14481,0.016037,-0.67014
0.80234,-0.05719,-0.3014,0.27782,-0.23391,-0.15231,0.73197
-0.46998,-0.091857,-0.37828,0.17999,-0.13966,-0.058322,-0.1732
2.3884,0.053881,0.0775,0.24516,-0.31029,-0.10299,0.33989
-0.0071816,-0.096676,0.1639,0.0032834,0.032017,-0.031942,0.24494
1.9671,0.038665,0.016267,0.18477,-0.078244,-0.06154,0.45417
0.58916,-0.044788,0.09447,-0.055518,0.21365,-0.070031,0.51251
0.0017712,0.014549,0.21233,-0.16475,0.16699,-0.0013311,-0.24718
-2.0496,-0.0070954,0.14593,0.010096,-0.024751,0.027986,-0.23673
-1.0455,-0.033589,-0.064571,-0.071851,0.087318,0.029485,-0.76245
-1.3591,-0.084311,-0.32337,0.019294,-0.32674,-0.13162,1.1703
0.11779,-0.020479,-0.099113,-0.063774,0.13399,0.048687,-0.38704
-0.73475,0.042759,0.066267,-0.0068702,-0.17999,-0.097573,0.79105
0.74953,-0.011386,-0.29245,0.21974,-0.11178,0.035104,-0.13595
0.49616,-0.001691,0.0058004,0.16215,0.12603,0.070086,-0.78538
-0.66556,-0.073419,-0.019943,0.064752,-0.083405,-0.10226,-0.34194
0.12604,0.022783,0.12883,-0.029414,-0.0038121,0.02672,-0.28293
-2.0605,-0.11105,-0.17493,0.16872,0.3003,0.18846,-1.1178
-0.092365,-0.0061855,0.27176,-0.27363,-0.022348,-0.037386,-0.037561
0.89908,-0.028181,-0.20037,0.22142,-0.082947,-0.12678,0.96692
-2.1634,-0.1118,-0.49538,0.16539,-0.25087,-0.15191,1.0969
-0.7851,-0.071306,-0.060206,-0.14189,0.4927,0.23434,-1.3783
1.0536,-0.028351,-0.18542,0.25945,-0.094693,-0.052195,0.60312
1.4713,0.060881,-0.03766,0.070941,-0.18259,0.0024029,0.34355
-0.98629,-0.066053,-0.18457,0.016555,-0.1296,-0.12104,0.055419
0.80323,-0.02911,0.050443,-0.076107,0.33024,-0.0064806,0.74
-1.0056,-0.093748,0.0015739,-0.0671,-0.18778,-0.10894,0.18664
-2.12,-0.010948,-0.017224,0.049822,-0.025495,-0.12377,0.35372
-0.14923,0.048719,0.2363,-0.2849,0.30028,0.11045,-0.36827
-0.059746,-0.072489,0.28496,-0.038065,-0.2522,-0.011708,0.26917
1.658,0.012016,-0.075049,0.16505,-0.23991,0.0047206,0.18094
0.54024,0.0081425,0.46733,-0.2018,0.31842,0.13581,-0.76784
0.43398,0.0053306,-0.01476,-0.0888,0.11858,0.10127,0.10148
0.35549,-0.020639,-0.048247,0.057337,-0.14109,-0.0079727,-0.61295
-1.8462,0.010975,-0.23162,0.20336,-0.36113,-0.056604,0.12249
-0.44575,0.14992,0.61768,-0.36265,0.34756,0.079912,-0.037863
-3.0624,-0.11244,-0.42061,0.067024,-0.43402,-0.011471,0.013038
1.2958,-0.058784,-0.32873,0.19099,-0.11594,-0.085219,0.73775
-1.8695,-0.029631,-0.14658,-0.045614,-0.25107,-0.053989,-0.36024
-1.2005,0.03448,0.19514,-0.18612,0.35981,0.063863,-0.72317
-1.2554,0.017063,0.12597,-0.14822,0.52617,0.11611,-1.6601
-0.11705,0.075938,0.32079,-0.25681,-0.11265,-0.0060677,-0.48524
-1.987,0.018266,0.3718,-0.28081,0.21094,0.0018366,0.33662
0.92944,0.0064075,-0.015679,0.059303,-0.015797,-0.037614,0.22392
-0.71362,0.069316,-0.16137,0.13193,0.14398,-0.0462,0.763
-1.8821,0.087046,0.25348,-0.032652,0.11887,0.04473,-0.65639
0.79736,0.012451,0.13873,-0.061265,0.31603,0.17221,-0.38404
1.4644,-0.0084085,0.067971,-0.057316,0.14362,0.061868,0.18007
1.0752,0.046111,-0.21273,0.18183,-0.3188,-0.17214,0.61327
-0.69221,-0.055469,0.056535,-0.050082,0.22308,0.18246,-1.4608
-0.42107,-0.11377,-0.43671,0.11157,-0.067201,-0.18122,0.94366
1.0145,-0.066192,-0.32671,0.34037,-0.41326,-0.079671,0.91828
1.0469,0.099348,-0.0045616,0.11042,0.24172,-0.0047076,0.45513
0.69712,-0.037866,0.091016,-0.0767,0.47721,0.14971,-0.85069
0.64546,-0.072648,-0.25186,0.24479,0.18275,0.10048,-0.49498
-0.62252,0.006894,-0.074823,0.021384,-0.32875,-0.017488,-0.34814
-0.57755,0.025199,0.035258,-0.20042,0.22115,0.0020264,-0.37074
-2.4733,-0.095558,-0.090791,-0.14423,0.35372,0.13527,-1.1301
1.7636,0.070254,-0.0082513,0.07661,-0.0097516,-0.028486,0.23023
1.5635,0.044146,0.1951,-0.021163,0.56956,0.043289,0.38535
0.51147,-0.10724,-0.41954,0.28708,-0.78364,-0.070656,0.32929
0.71816,-0.080278,-0.17888,0.16774,-0.38884,-0.061633,0.24326
0.44246,-0.017785,0.11338,-0.19395,0.31256,0.0028309,0.30636
0.046098,0.0099467,0.073665,-0.035327,-0.27105,0.03622,-0.29625
-0.50323,-0.019358,-0.022029,0.12067,-0.22971,-0.19251,-0.055661
-1.8613,-0.065823,-0.053219,0.018787,-0.24104,-0.047339,0.030349
0.69815,-0.042528,0.036121,-0.14711,0.22945,0.081155,-0.11876
1.4022,-0.02725,-0.022859,-0.048962,0.17215,-0.037859,0.71653
-0.5702,-2.59E-02,0.065063,0.015741,-0.11669,-0.049912,-0.32919
-0.83302,-0.10714,-0.065213,-0.030123,-0.066444,0.094468,-0.69955
-2.6521,-0.009991,-0.01998,-0.032709,0.16917,-0.028566,-0.0060027
-0.10341,-0.0094787,-0.099701,0.1044,-0.06165,0.10268,0.0059011
-0.70182,0.042209,0.09319,-0.11924,0.13236,0.015068,0.40442
-0.7455,0.012318,-0.08706,-0.13761,-0.17852,-0.082677,0.23224
-1.8456,-0.040748,-0.1796,0.19211,0.016671,-0.043396,-0.19126
-0.085523,-0.06026,0.050745,-0.069598,0.16076,0.058764,-0.93017
-1.1944,0.037223,0.1484,-0.054696,0.10545,0.038844,-0.48082
1.4449,-0.018841,0.038756,0.11858,0.068895,0.039099,-0.033723
-0.1302,0.06064,0.29977,-0.2969,0.71653,0.18065,-0.21053
-2.7718,0.016034,0.052088,-0.169,0.10256,0.016621,-1.0768
1.5661,0.12393,0.099689,0.011262,-0.13572,-0.1142,0.63253
2.0003,-0.010478,-0.047189,0.18776,-0.10101,-0.0383,0.64558
-0.49051,-0.065066,-0.04222,-0.022878,-0.0030335,0.001973,-0.1886
0.98709,0.035176,0.003432,0.12895,0.080212,0.076059,-0.039774
-1.9792,0.041166,-0.063139,-0.019303,-0.12403,-0.068292,0.49006
0.067868,-0.0022634,-0.06108,-0.0042973,0.11766,0.084692,-0.31746
1.7534,-0.037565,-0.2642,0.27828,-0.46772,-0.14229,1.2484
0.61773,-0.0046788,-0.12678,0.11157,-0.15064,-0.061805,0.14932
-2.3176,0.067748,0.1307,-0.2583,0.20659,0.11558,-0.34767
1.5916,0.034313,0.15262,-0.095036,0.32501,0.06206,0.26411
-1.6169,0.031192,-0.11768,-0.14331,0.3183,0.021253,-0.32262
1.3323,-0.010741,-0.16592,0.29144,-0.23857,-0.10666,0.40878
2.177,0.017631,-0.056173,0.10169,0.11042,0.12077,0.14352
0.73087,0.046898,0.064186,0.046519,0.20004,0.098338,-0.45052
2.1763,0.0232,-0.14318,0.22685,-0.28708,-0.043975,0.84923
-0.037359,0.038459,0.36957,-0.27992,-0.15217,-0.0087858,-0.24586
0.45134,-0.069115,0.16028,-0.16504,0.095927,0.045459,-0.018793
0.91875,-0.02717,0.1114,0.0063771,0.068393,-0.050742,-0.067784
-1.0888,-0.11986,-0.18766,-0.026722,-0.3208,-0.003995,0.0024448
-1.363,-0.015915,0.13336,-0.18229,0.57221,0.21654,-0.8763
-0.10916,-0.04781,-0.0030481,-0.097575,0.13219,0.048565,-0.63698
1.1359,0.020966,-0.075432,0.013173,0.085745,0.026493,-0.06366
-0.05912,-0.019386,0.06955,-0.1988,0.13401,0.036559,-0.46804
1.1127,0.00072723,0.082386,0.13964,-0.11237,0.069679,0.25449
0.61,0.081751,0.14518,-0.050039,-0.042493,0.012218,0.12345
-0.90464,-0.045798,-0.33607,0.089582,-0.34646,-0.023919,-0.25159
1.2356,0.011014,0.14123,-0.074356,0.24222,-0.00214,0.014145
0.87267,0.026554,0.034181,0.043597,-0.050352,0.14463,0.035158
0.47375,0.057694,0.28134,-0.1565,0.18974,0.097555,-0.63746
0.0020035,-0.025989,-0.40675,0.20411,-0.82132,-0.11649,0.20083
-0.56996,-0.15106,-0.29434,0.090811,-0.19631,-0.083622,0.49254
-1.2299,0.0043253,0.059696,-0.16103,0.69201,0.087065,-0.57049
1.077,0.078225,0.069406,0.048823,0.14555,0.040854,-0.071757
-0.23528,0.016546,0.098963,-0.14137,0.025358,0.0027484,-0.001466
2.1861,0.076241,0.015317,0.030641,-0.033071,0.035221,0.54151
-1.124,0.027237,0.02621,-0.15628,0.27205,0.052878,-0.42946
1.1857,0.054281,0.21893,0.0629,-0.13041,-0.098347,0.48857
1.9125,-0.018861,-0.044294,0.087021,-0.067292,-0.047388,0.95715
0.80519,0.067235,0.22425,0.037416,-0.0097307,-0.071882,0.31214
-0.68886,-0.048506,-0.24028,0.062206,-0.38748,0.035095,-0.90397
-1.7787,-0.0045579,-0.14274,0.1103,-0.22548,-0.075645,-0.3409
-2.2237,0.072816,0.25428,-0.23469,0.21653,0.067652,-0.53819
-2.4948,0.054234,0.14128,-0.22604,0.25883,0.042449,-0.17028
0.099637,-0.046077,-0.48081,0.34572,-0.58305,-0.12443,0.39103
-0.064997,0.02896,0.084498,-0.27482,0.26868,0.15131,-1.0606
1.0029,-0.06908,0.10531,0.041379,-0.088274,0.015668,0.16431
0.059792,-0.0071506,0.16589,-0.020161,0.097959,0.078111,-0.57838
0.13475,-0.024434,-0.11872,0.09733,-0.033229,0.069565,-0.80085
2.1396,0.0014841,-0.0026782,0.13208,-0.34735,-0.0049903,0.90436
-2.384,-0.052106,-0.11441,0.16519,-0.42684,-0.11886,0.28875
0.14219,-0.01167,0.11968,0.077132,-0.032298,0.028009,-0.32264
0.70739,-0.045313,-0.2469,0.2503,-0.46695,-0.053535,0.61068
1.7538,-0.02204,-0.29053,0.39219,-0.36304,-0.0081821,0.097661
0.83844,0.06698,0.17952,-0.011343,0.23655,-0.012848,0.093985
0.23171,0.040859,0.10818,-0.031003,0.095689,0.078726,-0.52581
0.30646,0.012627,0.090751,-0.17078,0.19476,0.0042654,0.43565
0.64939,-0.0045704,0.13208,-0.17107,-0.12162,-0.042017,0.83363
0.028425,-0.076351,-0.058764,-0.092683,0.12342,0.05613,0.36661
-0.11492,0.044251,0.27837,-0.079569,0.12322,0.089069,-1.1983
0.20868,0.012373,0.017138,0.083566,-0.19263,-0.082774,0.27285
-0.7027,-0.02869,-0.057817,0.08032,0.14626,0.10397,-1.3391
-0.70541,0.013927,0.0017355,-0.049487,-0.017485,0.015954,-0.79808
-0.96576,0.00748,0.23125,-0.24019,0.090472,0.14369,-1.0691
-1.5814,-0.0042176,0.0031997,-0.069805,0.053037,-0.010634,-0.24442
0.63113,0.054542,0.097514,0.091365,0.0096512,0.067471,-0.39591
-0.04184,0.0037228,-0.066514,-0.13152,0.3351,0.13588,-1.1767
0.62723,-0.019702,-0.02716,0.16466,-0.35477,-0.022072,-0.39464
0.2626,-0.00067419,-0.095337,0.073192,-0.099702,0.030451,-0.91178
-1.1507,-0.042329,-0.32361,0.22212,-0.065634,0.033414,-0.79346
0.76999,-0.018739,0.043744,-0.07322,0.24296,0.13874,0.20826
-1.8061,-0.087336,-0.3991,0.33015,-0.42623,-0.090737,0.54103
0.2058,-0.073145,-0.29053,0.14434,-0.091955,0.043039,-0.43685
0.082178,0.00013977,0.11839,-0.048453,-0.34435,-0.09942,-0.13437
1.5329,-0.0059124,0.32786,-0.10878,0.0053007,-0.07595,1.0489
0.38485,-0.082469,-0.21445,0.15377,-0.010408,-0.072616,-0.18906
0.90899,-0.035905,-0.21694,0.011004,0.079893,0.0072416,0.23791
0.31141,-0.029727,0.023921,-0.10987,0.16469,0.035329,-0.11024
0.63712,0.044861,0.17673,-0.071591,0.017236,0.049953,-0.74806
1.6108,0.026197,-0.13986,0.17925,-0.18924,-0.095178,0.33055
0.59068,-0.098442,-0.032167,-0.070794,-0.029177,0.003095,0.2897
0.78433,0.059152,-0.079981,0.07156,-0.39062,-0.007739,-0.52207
-0.80638,-0.046587,0.063686,-0.19339,0.29047,0.090733,-0.78809
-0.073967,0.05648,0.1688,-0.082181,0.30051,0.11775,-0.24402
-0.65186,-0.053479,-0.076262,-0.02022,0.0022903,-0.039213,-0.20283
-0.11356,-0.12151,-0.3952,0.13552,0.15065,-0.073837,-0.53295
0.29213,0.022374,0.17719,-0.083968,0.29537,0.046531,-0.17664
0.78,-0.025369,0.28562,-0.14576,0.15084,-0.008158,-0.46095
-0.85967,-0.062354,-0.17451,0.13108,-0.25448,-0.05555,-0.59943
1.7108,0.061142,0.11994,0.00041871,0.10937,-0.065453,0.38701
-0.16521,0.045157,-0.15,-0.026862,0.18993,-0.0067951,-1.0477
-0.28809,0.06033,0.17316,-0.16542,0.3989,0.10987,-1.0002
1.3056,-0.030535,-0.20263,0.29696,-0.45475,-0.14226,0.87386
0.92071,-0.042043,-0.26195,-0.075208,0.26348,0.054013,0.21286
1.0681,0.070915,0.085235,0.12551,-0.083763,-0.038315,0.72787
1.3412,-0.039079,0.092317,0.12154,-0.15236,-0.014391,0.028767
1.3305,-0.04966,-0.36954,0.34246,-0.011201,-0.0053109,-0.14588
-0.81647,-0.038218,0.078025,-0.15217,0.34469,0.033166,-0.66356
-2.0229,0.046959,0.19136,-0.18196,0.13172,0.043113,0.02344
0.72402,0.03764,0.08137,-0.028019,0.033572,-0.094432,0.8
-1.1858,0.081968,0.2541,-0.38704,0.31795,0.10039,-0.28572
1.2845,-0.0043102,0.023463,-0.01657,0.012593,0.0064356,0.45306
-0.86927,-0.043311,-0.044003,-0.055367,-0.081101,-0.022539,-0.29954
0.4327,0.112,-0.066243,-0.022013,0.10824,0.025985,-0.43539
-1.8736,-0.11612,-0.17379,0.11511,-0.10607,-0.27088,1.6018
1.9925,0.029929,-0.035072,-0.032641,0.29159,0.10221,0.27478
-2.1474,-0.0066215,0.22001,-0.36658,0.45862,0.073555,-0.68225
-1.3435,-0.010903,0.018265,-0.08229,0.15326,0.010382,-0.17707
-2.2775,-0.078458,-0.02909,-0.047465,0.1479,0.012032,0.035768
1.0152,0.018364,0.15161,-0.066531,0.43192,0.11487,-0.87071
0.56464,-0.02071,-0.20086,0.19717,-0.36037,0.025542,0.37303
1.5114,0.077712,0.35554,-0.1583,0.35253,-0.0084426,0.19745
-1.8899,0.028899,-0.12055,0.27792,-0.66428,-0.12543,0.093807
-0.60296,0.0022838,0.21671,-0.10358,0.062233,0.12055,-1.0643
-0.46411,0.049853,0.16935,-0.14745,-0.021627,-0.014315,-0.30765
2.5004,0.085255,-0.00073626,0.13839,-0.15557,-0.05117,0.55028
-0.050605,0.00504,-0.11347,0.13883,0.13869,0.026343,-0.0090014
0.17544,-0.042986,-0.3544,0.19621,-0.23544,0.026218,0.12242
0.5563,-0.069632,-0.34367,0.27147,-0.016309,0.011501,-0.67856
0.01415,-0.077792,-0.17464,0.024153,-0.21366,-0.057186,0.36299
0.65565,-0.027908,-0.056251,0.029346,-0.063288,0.036858,0.14295
-1.5724,-0.033164,-0.22576,0.075057,-0.25512,-0.074023,0.89895
0.82187,0.018796,-0.025901,0.11695,0.13155,0.16715,-1.1215
-1.2066,-0.0010759,-0.061562,-0.039673,0.024397,0.074355,-0.5388
0.91276,0.11638,0.079079,-0.086129,0.41474,0.17701,-0.46073
-1.5407,0.040797,0.12307,0.0016522,0.23261,-0.16395,0.8459
1.2415,0.0099601,-0.086852,-0.078398,0.1726,0.16191,-0.15789
-1.7232,0.022797,0.21916,-0.12638,-0.018811,0.014532,-0.42748
0.55441,-0.12676,-0.36676,0.19615,-0.14808,-0.054478,0.56552
0.27322,-0.062024,-0.20376,-0.05117,0.33206,0.020036,0.43313
-1.0266,0.013944,-0.12111,-0.04902,-0.049699,-0.021767,0.39563
-1.2127,-0.076251,-0.21341,0.13412,-0.58499,-0.078012,0.46512
-0.81148,0.059741,0.43698,-0.037752,0.008589,0.12607,-0.88571
0.79646,-0.06308,-0.1024,0.10816,-0.12869,-0.08893,0.72304
-1.9173,-0.066711,-0.15813,0.3034,-0.23399,-0.070567,-0.1049
0.50699,0.028473,-0.023202,0.03536,-0.22526,-0.080527,0.19699
0.74982,0.0114,-0.003253,-0.08881,0.30187,0.10983,-0.65941
-0.20506,-0.01382,0.046482,0.053384,-0.15549,0.029892,-1.1966
1.3186,0.11558,0.18593,-0.21892,0.17503,0.17372,0.036067
1.2023,-0.016676,0.018375,0.167,-0.26152,-0.026436,-0.098169
0.55206,0.028361,-0.015789,-0.012769,-0.53561,-0.10181,0.12298
1.4115,-0.0695,-0.44518,0.19213,-0.074231,0.052319,0.67438
0.83648,0.020401,0.2736,-0.065687,0.42918,0.095296,-0.26822
1.2604,0.017351,0.14005,-0.13044,0.15413,-0.03637,0.66981
-1.6076,0.042089,0.15273,-0.026164,-0.22842,-0.0037219,0.19346
-1.0618,0.023195,0.14604,0.068214,0.030938,-0.058376,-0.40152
-1.6961,0.056496,0.37336,-0.27831,0.34186,0.069644,-0.78319
-0.031751,-0.047891,0.15184,-0.078224,-0.063666,-0.16407,-0.058196
-1.9351,-0.051876,0.09087,-0.12874,-0.015149,0.028622,-0.98086
0.14713,-0.12433,-0.4149,0.13152,-0.50136,-0.11222,0.91334
-0.6938,0.028223,0.10372,-0.30045,0.52869,0.045944,-0.81632
-1.74,-0.045336,-0.058155,0.038794,0.13525,-0.045644,0.27788
1.1632,0.051748,-0.098049,0.06537,0.16281,0.027829,-0.2524
-2.0431,0.045617,-0.040024,-0.040474,0.29678,-0.012401,-0.24206
0.34166,-0.017185,-0.28353,0.30591,-0.62374,-0.23771,0.9082
-1.7757,-0.076147,-0.28496,0.21343,0.071338,0.030231,-0.20869
-2.2608,-0.10712,-0.30811,0.24524,-0.31273,-0.13081,0.4902
0.7921,-0.013841,-0.19078,0.11591,0.0032936,-0.036865,-0.16817
0.55591,-0.036759,-0.013476,0.053039,0.023981,0.0053236,0.072323
1.6828,0.041086,-0.10088,0.18247,-0.12171,-0.049107,0.3689
0.059138,-0.18979,-0.21456,0.19266,-0.2153,-0.076116,0.37626
1.6828,0.049461,0.24914,-0.014335,-0.016493,-0.092603,0.74574
-2.1134,0.097912,0.27469,-0.25465,0.033765,0.060788,-1.2575
-0.35458,0.01182,-0.023109,-0.031355,-0.032948,-0.035795,-0.10829
0.37491,0.063163,0.26263,-0.093051,0.060643,-0.045616,0.074749
0.30842,-0.041736,0.063896,0.0096976,0.003122,-0.066049,0.46674
0.10858,-0.028818,0.041445,-0.20029,0.19171,0.0077344,-0.23303
-0.88188,-0.0014915,-0.14564,0.29501,-0.38891,-0.051805,-0.21963
-0.37097,0.043126,0.14121,-0.080917,0.0084688,0.017439,-0.66781
-0.51627,0.0070017,0.13325,-0.05991,-0.022508,-0.053207,-0.42153
-0.43086,0.052726,0.28754,-0.14841,-0.11313,-0.041098,-0.26974
1.4643,0.042173,-0.18628,0.040404,0.16361,0.002624,0.52896
1.6111,0.037248,0.2096,-0.17345,0.36012,0.018007,0.48703
0.5031,0.0043746,0.11481,-0.11548,0.12002,0.070907,0.012764
-0.24312,0.03386,-0.14641,0.074592,-0.17654,-0.14909,0.037554
-2.3191,0.025366,0.087286,-0.080367,0.029913,0.11658,-0.32955
-0.059277,0.061885,0.025486,-0.0084944,0.30613,0.017924,0.021434
1.2619,-0.00095465,-0.17941,0.025188,-0.020522,0.029313,0.62372
0.4679,-0.018977,-0.07881,0.17577,-0.050484,-0.011894,-0.34666
1.7932,-0.095858,-0.23303,0.23658,0.29057,0.092174,-0.033605
0.56503,0.057862,0.075684,-0.1693,0.30223,0.05759,-0.041944
0.20087,-0.012986,0.074476,0.11446,-0.09987,-0.011401,-0.13168
0.32759,0.057672,0.036768,0.028155,-0.16451,-0.045161,0.21592
0.16187,-0.095629,-0.091521,-0.031532,-0.11292,-0.069944,0.11464
-1.1243,-0.025045,-0.17829,0.11723,0.02677,-0.01437,-0.11826
2.1399,-0.019069,-0.17572,0.12209,-0.015189,-0.058742,1.3074
1.2513,-0.10819,-0.39097,0.43644,-0.17841,0.034292,-0.33159
0.0024865,0.036276,0.14768,-0.16345,0.1008,-0.0045619,-0.67067
1.6737,-0.021121,-0.2591,0.29347,-0.042662,-0.045423,0.31898
1.7324,0.077528,-0.018289,0.080224,-0.085278,-0.093151,0.56022
1.3117,0.036085,0.07613,-0.085949,0.68288,0.05164,0.291
-1.7048,0.10907,0.093433,-0.047503,0.018574,-0.12213,0.26557
0.82098,-0.12259,-0.47743,0.25038,0.094655,-0.15373,0.4951
0.8962,0.079366,0.20543,-0.0275,0.0075748,0.05088,-0.36759
1.4292,-0.11247,-0.4674,0.10198,-0.016685,0.030211,0.87254
0.77593,0.057852,0.012154,0.028734,0.025196,0.060578,-0.24134
-0.71885,0.016479,-0.1051,-0.11379,0.32497,-0.059878,-0.43105
0.13646,0.018497,0.056233,-0.069726,-0.13803,0.057111,-0.70762
0.58231,-0.026818,-0.077702,0.14969,0.037054,-0.10174,0.16681
0.10699,-0.015769,0.0066212,0.032335,-0.12441,-0.045719,0.35363
-1.9731,0.021235,-0.076618,0.036356,-0.39723,-0.067144,-0.74932
-2.4102,-0.024056,0.05021,-0.099625,-0.031145,0.030258,-0.0056142
0.084549,-0.051488,-0.073174,0.057359,-0.11306,-0.067933,-0.079781
0.72334,0.040617,-0.18374,0.076686,-0.26897,0.11043,-0.28289
1.5622,-0.073344,-0.12336,0.3,0.0048151,-0.052399,0.2042
-0.15886,-0.098095,-0.41758,0.049214,0.15327,4.62E-02,-0.58373
-0.24144,-0.21678,-0.60468,0.30565,-0.86304,-0.30728,1.2905
-0.69347,0.13459,0.29254,-0.10393,0.0067498,0.024187,-0.11598
1.2082,0.015246,0.085698,-0.10068,0.42736,0.063894,-0.16297
-0.84623,-0.12502,-0.21029,0.1617,-0.36914,0.0323,-0.68348
1.1992,0.036695,-0.10858,0.065938,0.43183,0.098298,-0.38951
-2.0242,5.91E-02,-0.067823,-0.029477,0.35521,0.14323,-1.1258
-0.025875,-0.015413,0.0069683,-0.17827,0.11178,0.031157,-0.44429
1.129,0.12257,0.14871,-0.18505,-0.03653,0.13095,-0.23189
-0.25484,-0.0051699,0.19847,-0.020331,-0.28186,-0.063707,-0.013358
-1.8729,0.010628,-0.13492,0.21815,-0.14181,-0.037316,-0.32211
-0.59808,0.051581,0.026711,0.063046,0.0078344,-0.021832,0.91881
0.49778,-0.04733,-0.23979,0.10396,-0.14243,-0.10374,0.16066
0.72667,0.12314,0.19548,0.010823,-0.08463,-0.019935,0.68991
-2.2503,-0.026131,0.051726,-0.096877,-0.062391,-0.062048,0.34391
-1.82,-0.078943,-0.42747,0.10565,-0.29619,-0.1122,0.52468
0.56503,-0.0084508,-0.13388,0.095005,-0.024657,0.026117,-0.12452
0.81314,0.023326,0.038149,-0.22737,0.44735,0.13889,-0.4656
-0.048432,-0.10693,-0.21187,0.077988,-0.10079,0.0080381,-0.080007
